Day,Location,Activities,How_to_go,Food_and_Famous_Dishes,Markets,Sites_Viewpoints_Treks,Tribes_Info,Artifacts_and_Crafts,Adventure_Activities,Recommended_Hotels_with_Rating_and_PriceRange,Travel_to_next_place,Notes
1,Dimapur (Arrival) & Transfer to Kohima,"Arrive at Dimapur Airport/Railway. Visit Dimapur Market, local temples; drive to Kohima (approx 3-4 hrs). Evening: Kohima War Cemetery & Kohima Market.","Fly to Dimapur (nearest airport) or train to Dimapur; hire taxi to Kohima (~70 km, 3-4 hrs by road).","Try Naga pork with bamboo shoot (smoked pork), smoked fish, rice beer (local).",Ruzaphema/Ruzaphema area & Dimapur Local Market for handicrafts.,Kohima War Cemetery; Kohima Market; Viewpoint near Japfu foothills.,"Angami tribe predominant in Kohima — brief: Angami are known for terraced farming, rich oral traditions, historical resistance to British; traditional morungs (community houses) and shawls.","Woven shawls, bead necklaces, headgear, bamboo crafts.","Short walks, evening city viewpoint.","Recommended: Morung Lodge (good reviews), Hotel Lavisto (budget to mid). Price range approx ₹1,200–₹4,500 per night (varies).",Overnight in Kohima; next day early drive to Dzukou Valley trailhead (Viswema/Khonoma).,Best season Oct–May for travel; December for Hornbill Festival (if timing aligns).
2,Dzukou Valley (Full day trek) & Khonoma,"Early morning drive to Viswema/Khonoma trailhead. Trek to Dzukou Valley (moderate trek, 10–12 km roundtrip depending on route). Picnic, flower meadows, photography.",Drive taxi to Viswema (~45 mins from Kohima). Trek 4–6 hours roundtrip depending on pace.,Pack light meals; local eateries in Kohima serve smoked meat dishes; try momos in town too.,Khonoma Village local stalls (Khonoma is famed as India's first 'green village').,"Dzukou Valley (trek), Japfu Range viewpoints, Khonoma village (Angami conservation village).","Angami tribe details: practice terrace farming, festivals such as Sekrenyi; Khonoma known for community conservation movement and traditional morung culture.","Handloom textiles, traditional beads, wood carvings.","Moderate trekking; birdwatching (endemic birds), nature photography.","Basic homestays near Khonoma or Kohima hotels for comfort. Price range homestay ₹800–₹2,500.",Return to Kohima in evening; prepare overnight to return to Dimapur or continue to Mokokchung for longer trips.,"Carry permits (check local rules), water, good shoes; altitude ~2,452 m at Japfu area nearby."
3,Kisama Heritage Village & Departure via Dimapur,"Visit Kisama Heritage Village (if open) to see Naga Morungs, tribal huts and artifacts; shopping for handicrafts; drive to Dimapur for flight/train.","Taxi/drive Kohima to Kisama (short drive), then to Dimapur (3–4 hrs).","Try local Naga thali if available at tourist spots; smoked meats, bamboo shoot curry.","Kisama craft stalls, Dimapur markets for souvenirs.","Kisama (Hornbill Festival grounds), local viewpoint en route.",Overview of multiple tribes presented at Kisama — opportunity to sample different tribe crafts and dances.,"Traditional tribal implements, weapons (decorative), shawls representing different tribes.",Light cultural walks; photography.,"Hotels in Dimapur: Pilgrim's Boutique, Noune Resort; price range ₹1,000–₹5,000 depending on standard.",Catch evening flight/train from Dimapur.,"If traveling in December, Hornbill Festival activities occur at Kisama (Dec 1–10)."
1,Arrive Dimapur → Kohima,"Arrival, transfer to Kohima, local sightseeing (War Cemetery, Kohima Market).",Fly/train to Dimapur; taxi to Kohima (~3–4 hrs).,"Naga smoked pork, bamboo shoot dishes.","Kohima Market, Dimapur local markets.","Kohima War Cemetery, local viewpoints.",Angami tribe introduction (Kohima and surrounding).,"Shawls, beads.","City walks, short hikes.","Morung Lodge / Hotel Lavisto; price approx ₹1,000–₹4,000.",Overnight Kohima.,
2,Dzukou Valley trek (Day trip),Full-day trek to Dzukou Valley from Viswema; picnic and return.,"Drive to Viswema trailhead, then trek 3–6 hours one way depending on route.",Pack trekking food; return to Kohima for local cuisine.,Khonoma/Viswema local stalls.,"Dzukou Valley, Japfu Peak (views en route).",Angami/neighboring tribes influence in highlands; ecology and conservation notes.,"Wildflower viewing (seasonal), birdwatching, trekking.",Basic homestays near Khonoma or Kohima hotels for comfort.,Return to Kohima in evening.,Permit & guide recommended in monsoon season.,
3,Kohima → Mokokchung (Ao tribe region),Drive/transfer to Mokokchung (~6–7 hrs depending on route). Evening: local market & Ao cultural exposure.,Hire a private taxi or use state transport; plan for long drive (breaks en route).,"Ao cuisine: rice, meat dishes, local herbs; try local tea & snacks.",Mokokchung Market for local crafts and traditional textiles.,"Mokokchung town, nearby viewpoints, local morungs (Ao community houses).","Ao tribe brief: Known for agriculture, rich folklore, festivals like Moatsu (May), distinct shawl patterns.","Ao woven textiles, wooden artifacts.","Village walks, cultural interaction opportunities.","Hotels: Local lodges and homestays; price ₹800–₹3,000.",Overnight Mokokchung; next day local exploration.,
4,Mokokchung exploration → Tuensang / Long drive,"Explore nearby Ao villages, local museums (if any), then start journey toward Mon region or return toward Kohima depending on preference.",Private taxi/vehicle required; distances long between districts.,Local restaurants in Mokokchung; traditional Ao dishes.,Mokokchung town market; local village craft stalls.,Village monument sites; optional short treks in foothills.,"Ao tribe details continued: lineage, morung systems, craftsmanship.","Textiles, silver/metal ornaments.",Village cultural experiences; attend local morung if available (with permission).,Stay in Mokokchung homestay or guesthouse.,Plan for longer travel next day to Mon or back to Dimapur.,
5,Return to Dimapur → Departure,Drive back to Dimapur for departure; stop en route for markets and photo stops.,Taxi/drive to Dimapur (5–7 hrs).,Final Naga meal; purchase packaged local snacks (dried pork/chutneys).,Dimapur markets for final souvenir shopping.,Optional stop at Khezhakeno (Chakhesang legendary village) if route permits.,"Summary exposure to Angami, Ao, Chakhesang tribal cultures during trip.","Purchase handicrafts, shawls.",Relax before travel; light city exploration.,"Hotels in Dimapur for last night: Pilgrim's Boutique, Hotel Saramati (price range ₹900–₹4,000).",Catch return flight/train from Dimapur.,Book transfers in advance; allow buffer for road travel time.
1,Arrive Dimapur → Kohima,"Arrival, transfer to Kohima, local sightseeing (War Cemetery, Kohima Market).",Fly/train to Dimapur; taxi to Kohima (~3–4 hrs).,"Naga smoked pork, bamboo shoot dishes.","Kohima Market, Dimapur local markets.","Kohima War Cemetery, local viewpoints.",Angami tribe introduction (Kohima and surrounding).,"Shawls, beads.","City walks, short hikes.","Morung Lodge / Hotel Lavisto; price approx ₹1,000–₹4,000.",Overnight Kohima.,
2,Dzukou Valley trek (Day trip),Full-day trek to Dzukou Valley from Viswema; picnic and return.,"Drive to Viswema trailhead, then trek 3–6 hours one way depending on route.",Pack trekking food; return to Kohima for local cuisine.,Khonoma/Viswema local stalls.,"Dzukou Valley, Japfu Peak (views en route).",Angami/neighboring tribes influence in highlands; ecology and conservation notes.,"Wildflower viewing (seasonal), birdwatching, trekking.",Basic homestays near Khonoma or Kohima hotels for comfort.,Return to Kohima in evening.,Permit & guide recommended in monsoon season.,
3,Kohima → Mokokchung (Ao tribe region),Drive/transfer to Mokokchung (~6–7 hrs depending on route). Evening: local market & Ao cultural exposure.,Hire a private taxi or use state transport; plan for long drive (breaks en route).,"Ao cuisine: rice, meat dishes, local herbs; try local tea & snacks.",Mokokchung Market for local crafts and traditional textiles.,"Mokokchung town, nearby viewpoints, local morungs (Ao community houses).","Ao tribe brief: Known for agriculture, rich folklore, festivals like Moatsu (May), distinct shawl patterns.","Ao woven textiles, wooden artifacts.","Village walks, cultural interaction opportunities.","Hotels: Local lodges and homestays; price ₹800–₹3,000.",Overnight Mokokchung; next day local exploration.,
4,Mokokchung exploration → Tuensang / Long drive,"Explore nearby Ao villages, local museums (if any), then start journey toward Mon region or return toward Kohima depending on preference.",Private taxi/vehicle required; distances long between districts.,Local restaurants in Mokokchung; traditional Ao dishes.,Mokokchung town market; local village craft stalls.,Village monument sites; optional short treks in foothills.,"Ao tribe details continued: lineage, morung systems, craftsmanship.","Textiles, silver/metal ornaments.",Village cultural experiences; attend local morung if available (with permission).,Stay in Mokokchung homestay or guesthouse.,Plan for longer travel next day to Mon or back to Dimapur.,
5,Return to Dimapur → Departure,Drive back to Dimapur for departure; stop en route for markets and photo stops.,Taxi/drive to Dimapur (5–7 hrs).,Final Naga meal; purchase packaged local snacks (dried pork/chutneys).,Dimapur markets for final souvenir shopping.,Optional stop at Khezhakeno (Chakhesang legendary village) if route permits.,"Summary exposure to Angami, Ao, Chakhesang tribal cultures during trip.","Purchase handicrafts, shawls.",Relax before travel; light city exploration.,"Hotels in Dimapur for last night: Pilgrim's Boutique, Hotel Saramati (price range ₹900–₹4,000).",Catch return flight/train from Dimapur.,Book transfers in advance; allow buffer for road travel time.
6,Mokokchung → Mon (Konyak territory),"Long drive to Mon — visit Longwa (border village between India-Myanmar), Konyak village tours including traditional morungs, tattooed chiefs (history of headhunting).",Hire a driver for long-distance travel; expect rougher roads and longer travel times.,"Konyak cuisine: wild meat specialties, bamboo shoot dishes; try local rice beer.",Local village markets in Mon/Longwa for tribal crafts.,"Visit Longwa, Konyak morungs, Mon town.","Konyak tribe: historically practiced headhunting; known for distinctive tattoos, wooden carvings, and war relics; social structure with chiefs (Angh).","Konyak knives, spears (decorative), tattoo motifs reflected in textiles.","Village walks, cultural immersion, photography (seek permission).","Stay in Mon guesthouses or tribal homestays (basic amenities); price range ₹800–₹2,500.",Overnight Mon; note connectivity and medical facilities limited in remote Mon.,
7,Return to Kohima via Mokokchung/Khonoma & Kisama,Return leg with stops for viewpoints and village visits; visit Khonoma and Kisama Heritage Village before proceeding to Dimapur for departure.,Private vehicle; plan stops and overnight in Kohima or proceed to Dimapur depending on flight.,Regional dishes en route; roadside food limited but local homestays offer meals.,Khonoma village stalls; Kisama festival bazaar (if in season).,"Khonoma viewpoints, Kisama Heritage Village.",Khonoma Angami conservation village; Kisama presents multi-tribe showcases.,Shawls and artisanal crafts at Kisama.,Nature walks and cultural performances (seasonal).,Return to Kohima or proceed to Dimapur for departure.,Allow buffer for road timings and possible delays in remote stretches.,
1,Arrive Dimapur → Kohima,"Arrival, transfer to Kohima, local sightseeing (War Cemetery, Kohima Market).",Fly/train to Dimapur; taxi to Kohima (~3–4 hrs).,"Naga smoked pork, bamboo shoot dishes.","Kohima Market, Dimapur local markets.","Kohima War Cemetery, local viewpoints.",Angami tribe introduction (Kohima and surrounding).,"Shawls, beads.","City walks, short hikes.","Morung Lodge / Hotel Lavisto; price approx ₹1,000–₹4,000.",Overnight Kohima.,
2,Dzukou Valley trek (Day trip),Full-day trek to Dzukou Valley from Viswema; picnic and return.,"Drive to Viswema trailhead, then trek 3–6 hours one way depending on route.",Pack trekking food; return to Kohima for local cuisine.,Khonoma/Viswema local stalls.,"Dzukou Valley, Japfu Peak (views en route).",Angami/neighboring tribes influence in highlands; ecology and conservation notes.,"Wildflower viewing (seasonal), birdwatching, trekking.",Basic homestays near Khonoma or Kohima hotels for comfort.,Return to Kohima in evening.,Permit & guide recommended in monsoon season.,
3,Kohima → Mokokchung (Ao tribe region),Drive/transfer to Mokokchung (~6–7 hrs depending on route). Evening: local market & Ao cultural exposure.,Hire a private taxi or use state transport; plan for long drive (breaks en route).,"Ao cuisine: rice, meat dishes, local herbs; try local tea & snacks.",Mokokchung Market for local crafts and traditional textiles.,"Mokokchung town, nearby viewpoints, local morungs (Ao community houses).","Ao tribe brief: Known for agriculture, rich folklore, festivals like Moatsu (May), distinct shawl patterns.","Ao woven textiles, wooden artifacts.","Village walks, cultural interaction opportunities.","Hotels: Local lodges and homestays; price ₹800–₹3,000.",Overnight Mokokchung; next day local exploration.,
4,Mokokchung exploration → Tuensang / Long drive,"Explore nearby Ao villages, local museums (if any), then start journey toward Mon region or return toward Kohima depending on preference.",Private taxi/vehicle required; distances long between districts.,Local restaurants in Mokokchung; traditional Ao dishes.,Mokokchung town market; local village craft stalls.,Village monument sites; optional short treks in foothills.,"Ao tribe details continued: lineage, morung systems, craftsmanship.","Textiles, silver/metal ornaments.",Village cultural experiences; attend local morung if available (with permission).,Stay in Mokokchung homestay or guesthouse.,Plan for longer travel next day to Mon or back to Dimapur.,
5,Return to Dimapur → Departure,Drive back to Dimapur for departure; stop en route for markets and photo stops.,Taxi/drive to Dimapur (5–7 hrs).,Final Naga meal; purchase packaged local snacks (dried pork/chutneys).,Dimapur markets for final souvenir shopping.,Optional stop at Khezhakeno (Chakhesang legendary village) if route permits.,"Summary exposure to Angami, Ao, Chakhesang tribal cultures during trip.","Purchase handicrafts, shawls.",Relax before travel; light city exploration.,"Hotels in Dimapur for last night: Pilgrim's Boutique, Hotel Saramati (price range ₹900–₹4,000).",Catch return flight/train from Dimapur.,Book transfers in advance; allow buffer for road travel time.
6,Mokokchung → Mon (Konyak territory),"Long drive to Mon — visit Longwa (border village between India-Myanmar), Konyak village tours including traditional morungs, tattooed chiefs (history of headhunting).",Hire a driver for long-distance travel; expect rougher roads and longer travel times.,"Konyak cuisine: wild meat specialties, bamboo shoot dishes; try local rice beer.",Local village markets in Mon/Longwa for tribal crafts.,"Visit Longwa, Konyak morungs, Mon town.","Konyak tribe: historically practiced headhunting; known for distinctive tattoos, wooden carvings, and war relics; social structure with chiefs (Angh).","Konyak knives, spears (decorative), tattoo motifs reflected in textiles.","Village walks, cultural immersion, photography (seek permission).","Stay in Mon guesthouses or tribal homestays (basic amenities); price range ₹800–₹2,500.",Overnight Mon; note connectivity and medical facilities limited in remote Mon.,
7,Return to Kohima via Mokokchung/Khonoma & Kisama,Return leg with stops for viewpoints and village visits; visit Khonoma and Kisama Heritage Village before proceeding to Dimapur for departure.,Private vehicle; plan stops and overnight in Kohima or proceed to Dimapur depending on flight.,Regional dishes en route; roadside food limited but local homestays offer meals.,Khonoma village stalls; Kisama festival bazaar (if in season).,"Khonoma viewpoints, Kisama Heritage Village.",Khonoma Angami conservation village; Kisama presents multi-tribe showcases.,Shawls and artisanal crafts at Kisama.,Nature walks and cultural performances (seasonal).,Return to Kohima or proceed to Dimapur for departure.,Allow buffer for road timings and possible delays in remote stretches.,
8,Kohima → Phek (Shilloi Lake) via Pfutsero,Drive to Phek district; visit Shilloi Lake and Pfutsero viewpoint.,Private taxi from Kohima; long drive.,Local Phek cuisine: fish and local vegetables; bamboo shoot curries.,Small markets in Phek and Pfutsero for handloom items.,"Shilloi Lake, Pfutsero viewpoint.",Phek district tribal notes (mixed influences).,"Handloom textiles, mats.","Nature walks, birdwatching.","Basic guesthouses; price approx ₹700–₹2,000.",Overnight in Phek; proceed next day to Zunheboto or Wokha.,
9,Phek → Zunheboto (Sumi/Sema tribe area),Drive to Zunheboto; visit Sumi villages and cultural sites.,Taxi/drive; remote roads.,Sumi dishes: rice and meat specialties; festival feasts such as Tuluni.,Zunheboto town markets.,Local morungs and community sites.,"Sumi (Sema) tribe: warrior traditions, festivals, handloom weaving.","Sumi textiles, beadwork.",Cultural village visits.,Stay in Zunheboto guesthouses or return towards Kohima.,Coordinate with district tourism for permissions.,
10,Wokha (Lotha tribe) → Return to Dimapur,Visit Wokha to explore Lotha culture and then proceed to Dimapur for departure.,Private vehicle; Wokha accessible via state roads.,Lotha cuisine: rice preparations and local meats.,Wokha market for handicrafts.,Wokha viewpoints and village morungs.,"Lotha tribe: Tokhu Emong festival, weaving traditions.",Lotha textiles and metalwork.,Short hikes and cultural tours.,Return to Dimapur for last-night stay and departure.,Catch flights/trains from Dimapur with buffer time.,Check local transport schedules.
1,Arrive Dimapur → Kohima,"Arrival, transfer to Kohima, local sightseeing (War Cemetery, Kohima Market).",Fly/train to Dimapur; taxi to Kohima (~3–4 hrs).,"Naga smoked pork, bamboo shoot dishes.","Kohima Market, Dimapur local markets.","Kohima War Cemetery, local viewpoints.",Angami tribe introduction (Kohima and surrounding).,"Shawls, beads.","City walks, short hikes.","Morung Lodge / Hotel Lavisto; price approx ₹1,000–₹4,000.",Overnight Kohima.,
2,Dzukou Valley trek (Day trip),Full-day trek to Dzukou Valley from Viswema; picnic and return.,"Drive to Viswema trailhead, then trek 3–6 hours one way depending on route.",Pack trekking food; return to Kohima for local cuisine.,Khonoma/Viswema local stalls.,"Dzukou Valley, Japfu Peak (views en route).",Angami/neighboring tribes influence in highlands; ecology and conservation notes.,"Wildflower viewing (seasonal), birdwatching, trekking.",Basic homestays near Khonoma or Kohima hotels for comfort.,Return to Kohima in evening.,Permit & guide recommended in monsoon season.,
3,Kohima → Mokokchung (Ao tribe region),Drive/transfer to Mokokchung (~6–7 hrs depending on route). Evening: local market & Ao cultural exposure.,Hire a private taxi or use state transport; plan for long drive (breaks en route).,"Ao cuisine: rice, meat dishes, local herbs; try local tea & snacks.",Mokokchung Market for local crafts and traditional textiles.,"Mokokchung town, nearby viewpoints, local morungs (Ao community houses).","Ao tribe brief: Known for agriculture, rich folklore, festivals like Moatsu (May), distinct shawl patterns.","Ao woven textiles, wooden artifacts.","Village walks, cultural interaction opportunities.","Hotels: Local lodges and homestays; price ₹800–₹3,000.",Overnight Mokokchung; next day local exploration.,
4,Mokokchung exploration → Tuensang / Long drive,"Explore nearby Ao villages, local museums (if any), then start journey toward Mon region or return toward Kohima depending on preference.",Private taxi/vehicle required; distances long between districts.,Local restaurants in Mokokchung; traditional Ao dishes.,Mokokchung town market; local village craft stalls.,Village monument sites; optional short treks in foothills.,"Ao tribe details continued: lineage, morung systems, craftsmanship.","Textiles, silver/metal ornaments.",Village cultural experiences; attend local morung if available (with permission).,Stay in Mokokchung homestay or guesthouse.,Plan for longer travel next day to Mon or back to Dimapur.,
5,Return to Dimapur → Departure,Drive back to Dimapur for departure; stop en route for markets and photo stops.,Taxi/drive to Dimapur (5–7 hrs).,Final Naga meal; purchase packaged local snacks (dried pork/chutneys).,Dimapur markets for final souvenir shopping.,Optional stop at Khezhakeno (Chakhesang legendary village) if route permits.,"Summary exposure to Angami, Ao, Chakhesang tribal cultures during trip.","Purchase handicrafts, shawls.",Relax before travel; light city exploration.,"Hotels in Dimapur for last night: Pilgrim's Boutique, Hotel Saramati (price range ₹900–₹4,000).",Catch return flight/train from Dimapur.,Book transfers in advance; allow buffer for road travel time.
6,Mokokchung → Mon (Konyak territory),"Long drive to Mon — visit Longwa (border village between India-Myanmar), Konyak village tours including traditional morungs, tattooed chiefs (history of headhunting).",Hire a driver for long-distance travel; expect rougher roads and longer travel times.,"Konyak cuisine: wild meat specialties, bamboo shoot dishes; try local rice beer.",Local village markets in Mon/Longwa for tribal crafts.,"Visit Longwa, Konyak morungs, Mon town.","Konyak tribe: historically practiced headhunting; known for distinctive tattoos, wooden carvings, and war relics; social structure with chiefs (Angh).","Konyak knives, spears (decorative), tattoo motifs reflected in textiles.","Village walks, cultural immersion, photography (seek permission).","Stay in Mon guesthouses or tribal homestays (basic amenities); price range ₹800–₹2,500.",Overnight Mon; note connectivity and medical facilities limited in remote Mon.,
7,Return to Kohima via Mokokchung/Khonoma & Kisama,Return leg with stops for viewpoints and village visits; visit Khonoma and Kisama Heritage Village before proceeding to Dimapur for departure.,Private vehicle; plan stops and overnight in Kohima or proceed to Dimapur depending on flight.,Regional dishes en route; roadside food limited but local homestays offer meals.,Khonoma village stalls; Kisama festival bazaar (if in season).,"Khonoma viewpoints, Kisama Heritage Village.",Khonoma Angami conservation village; Kisama presents multi-tribe showcases.,Shawls and artisanal crafts at Kisama.,Nature walks and cultural performances (seasonal).,Return to Kohima or proceed to Dimapur for departure.,Allow buffer for road timings and possible delays in remote stretches.,
8,Kohima → Phek (Shilloi Lake) via Pfutsero,Drive to Phek district; visit Shilloi Lake and Pfutsero viewpoint.,Private taxi from Kohima; long drive.,Local Phek cuisine: fish and local vegetables; bamboo shoot curries.,Small markets in Phek and Pfutsero for handloom items.,"Shilloi Lake, Pfutsero viewpoint.",Phek district tribal notes (mixed influences).,"Handloom textiles, mats.","Nature walks, birdwatching.","Basic guesthouses; price approx ₹700–₹2,000.",Overnight in Phek; proceed next day to Zunheboto or Wokha.,
9,Phek → Zunheboto (Sumi/Sema tribe area),Drive to Zunheboto; visit Sumi villages and cultural sites.,Taxi/drive; remote roads.,Sumi dishes: rice and meat specialties; festival feasts such as Tuluni.,Zunheboto town markets.,Local morungs and community sites.,"Sumi (Sema) tribe: warrior traditions, festivals, handloom weaving.","Sumi textiles, beadwork.",Cultural village visits.,Stay in Zunheboto guesthouses or return towards Kohima.,Coordinate with district tourism for permissions.,
10,Wokha (Lotha tribe) → Return to Dimapur,Visit Wokha to explore Lotha culture and then proceed to Dimapur for departure.,Private vehicle; Wokha accessible via state roads.,Lotha cuisine: rice preparations and local meats.,Wokha market for handicrafts.,Wokha viewpoints and village morungs.,"Lotha tribe: Tokhu Emong festival, weaving traditions.",Lotha textiles and metalwork.,Short hikes and cultural tours.,Return to Dimapur for last-night stay and departure.,Catch flights/trains from Dimapur with buffer time.,Check local transport schedules.
11,Extended Mon stay / Longwa & multiple Konyak villages,Deep cultural immersion across Konyak villages; learn about woodcarving and tattoo history.,Local travel by hired vehicle and village guides.,Konyak specialties and local rice beer.,Village craft stalls and morungs for purchases.,Multiple Konyak village visits; Longwa border experience.,"Konyak history: headhunting legacy, Angh system, tattoo traditions (historical context).","Konyak woodwork, unique necklaces and ornaments.",Homestay cultural immersion; respectful photography.,Stay Mon guesthouses/homestays.,Respect Angh and community protocols.,
12,Tuensang / Noklak (Eastern Nagaland),Visit remote eastern districts for offbeat tribal experiences; coordinate with local authorities.,Road travel; possible need for permits and local guide.,Local rice and meat specialties; limited restaurants.,Village markets for authentic artifacts.,"Rural village tours, cultural observation.",Eastern tribes (Chang and others): brief historical and social notes.,Bamboo crafts and utensils.,Community visits and learning sessions.,Basic homestays; carry essentials.,Inform local authorities of travel plans; safety first.,
13,Craft workshops & Weaving villages,Attend weaving/shawl workshops where available; learn basic techniques and meanings of motifs.,Coordinate via district cultural centers or NGOs.,Community meals and snacks during workshops.,Purchase textiles directly from artisans.,Village morungs or community centers host workshops.,Cross-tribal textile traditions and meanings explained.,"Shawls, beads, loom-weavings.",Hands-on craft learning and purchases.,Stay in village homestays or nearest town.,Book workshops in advance.,
14,Hornbill Festival (if Dec 1–10) or Free exploration day,"Attend Hornbill Festival at Kisama to experience all tribes in one venue; if not in Dec, use day for local exploration.",Short drive to Kisama from Kohima; festival shuttles available during event.,"Festival foods, many Naga specialties and street-style snacks.",Large craft bazaars with representatives from many tribes.,"Kisama Heritage Village, cultural stages, indigenous sports.",All major Naga tribes present at Hornbill — great overview of diversity.,Wide range of artifacts and live demonstrations.,"Cultural shows, indigenous sports, food tasting.",Stay in Kohima/Kisama area; book early during festival (prices surge).,Hornbill: Dec 1–10 annually; verify current year's schedule via Nagaland tourism.,
15,Return to Dimapur → Departure / Buffer day,"Final buffer day for travel delays, last-minute shopping and departure from Dimapur.",Drive to Dimapur; rest near airport if flight early.,Final Naga meals and packaged snacks for journey home.,Dimapur markets for last-minute souvenirs.,Optional museum visits in Dimapur.,Consolidate learnings about tribes visited.,Buy final souvenirs from reputable shops.,Pack and prepare for departure.,Stay near Dimapur airport for convenience if required.,Allow extra day to avoid missed connections due to remote road delays.,
